"","Grouped by","% beneficiaries"
"1","camp1",18.5185185185185
"2","camp2",33.3333333333333
"3","camp3",44.4444444444444
"4","camp4",3.7037037037037
